<?xml version="1.0" encoding="UTF-8"?>
<mxfile host="Electron" modified="2024-02-11T07:31:46.089Z" agent="Mozilla/5.0 (Windows NT 10.0; Win64; x64) AppleWebKit/537.36 (KHTML, like Gecko) draw.io/23.0.2 Chrome/120.0.6099.109 Electron/28.1.0 Safari/537.36" etag="RwDjORxXesgEEdCGizeJ" version="23.0.2" type="device">
  <diagram id="C5RBs43oDa-KdzZeNtuy" name="Page-1">
    <mxGraphModel dx="1632" dy="1388" grid="1" gridSize="10" guides="1" tooltips="1" connect="1" arrows="1" fold="1" page="1" pageScale="1" pageWidth="827" pageHeight="1169" math="0" shadow="0">
      <root>
        <mxCell id="WIyWlLk6GJQsqaUBKTNV-0" />
        <mxCell id="WIyWlLk6GJQsqaUBKTNV-1" parent="WIyWlLk6GJQsqaUBKTNV-0" />
        <mxCell id="YXTsTgTVc9TBjjGPCJu1-14" value="" style="edgeStyle=orthogonalEdgeStyle;rounded=0;orthogonalLoop=1;jettySize=auto;html=1;" parent="WIyWlLk6GJQsqaUBKTNV-1" source="YXTsTgTVc9TBjjGPCJu1-0" target="YXTsTgTVc9TBjjGPCJu1-5" edge="1">
          <mxGeometry relative="1" as="geometry" />
        </mxCell>
        <mxCell id="YXTsTgTVc9TBjjGPCJu1-0" value="A" style="shape=ellipse;html=1;dashed=0;whiteSpace=wrap;perimeter=ellipsePerimeter;" parent="WIyWlLk6GJQsqaUBKTNV-1" vertex="1">
          <mxGeometry x="300" y="40" width="60" height="30" as="geometry" />
        </mxCell>
        <mxCell id="YXTsTgTVc9TBjjGPCJu1-17" value="" style="edgeStyle=orthogonalEdgeStyle;rounded=0;orthogonalLoop=1;jettySize=auto;html=1;" parent="WIyWlLk6GJQsqaUBKTNV-1" source="YXTsTgTVc9TBjjGPCJu1-1" target="YXTsTgTVc9TBjjGPCJu1-3" edge="1">
          <mxGeometry relative="1" as="geometry" />
        </mxCell>
        <mxCell id="YXTsTgTVc9TBjjGPCJu1-1" value="&lt;b style=&quot;&quot;&gt;Name:&lt;br&gt;Date:&lt;br&gt;Purpose:&lt;/b&gt;" style="whiteSpace=wrap;html=1;aspect=fixed;" parent="WIyWlLk6GJQsqaUBKTNV-1" vertex="1">
          <mxGeometry x="50" y="40" width="80" height="80" as="geometry" />
        </mxCell>
        <mxCell id="YXTsTgTVc9TBjjGPCJu1-19" value="" style="edgeStyle=orthogonalEdgeStyle;rounded=0;orthogonalLoop=1;jettySize=auto;html=1;" parent="WIyWlLk6GJQsqaUBKTNV-1" source="YXTsTgTVc9TBjjGPCJu1-2" target="YXTsTgTVc9TBjjGPCJu1-4" edge="1">
          <mxGeometry relative="1" as="geometry" />
        </mxCell>
        <mxCell id="YXTsTgTVc9TBjjGPCJu1-2" value="&lt;font style=&quot;font-size: 12px;&quot;&gt;&lt;b&gt;&lt;code style=&quot;border: 0px solid rgb(217, 217, 227); box-sizing: border-box; --tw-border-spacing-x: 0; --tw-border-spacing-y: 0; --tw-translate-x: 0; --tw-translate-y: 0; --tw-rotate: 0; --tw-skew-x: 0; --tw-skew-y: 0; --tw-scale-x: 1; --tw-scale-y: 1; --tw-pan-x: ; --tw-pan-y: ; --tw-pinch-zoom: ; --tw-scroll-snap-strictness: proximity; --tw-gradient-from-position: ; --tw-gradient-via-position: ; --tw-gradient-to-position: ; --tw-ordinal: ; --tw-slashed-zero: ; --tw-numeric-figure: ; --tw-numeric-spacing: ; --tw-numeric-fraction: ; --tw-ring-inset: ; --tw-ring-offset-width: 0px; --tw-ring-offset-color: #fff; --tw-ring-color: rgba(69,89,164,.5); --tw-ring-offset-shadow: 0 0 transparent; --tw-ring-shadow: 0 0 transparent; --tw-shadow: 0 0 transparent; --tw-shadow-colored: 0 0 transparent; --tw-blur: ; --tw-brightness: ; --tw-contrast: ; --tw-grayscale: ; --tw-hue-rotate: ; --tw-invert: ; --tw-saturate: ; --tw-sepia: ; --tw-drop-shadow: ; --tw-backdrop-blur: ; --tw-backdrop-brightness: ; --tw-backdrop-contrast: ; --tw-backdrop-grayscale: ; --tw-backdrop-hue-rotate: ; --tw-backdrop-invert: ; --tw-backdrop-opacity: ; --tw-backdrop-saturate: ; --tw-backdrop-sepia: ; color: var(--tw-prose-code); text-align: left; font-family: &amp;quot;Söhne Mono&amp;quot;, Monaco, &amp;quot;Andale Mono&amp;quot;, &amp;quot;Ubuntu Mono&amp;quot;, monospace !important;&quot;&gt;Class GameConfig&lt;/code&gt;&lt;/b&gt;&lt;/font&gt;" style="whiteSpace=wrap;html=1;aspect=fixed;" parent="WIyWlLk6GJQsqaUBKTNV-1" vertex="1">
          <mxGeometry x="40" y="280" width="100" height="100" as="geometry" />
        </mxCell>
        <mxCell id="YXTsTgTVc9TBjjGPCJu1-18" value="" style="edgeStyle=orthogonalEdgeStyle;rounded=0;orthogonalLoop=1;jettySize=auto;html=1;" parent="WIyWlLk6GJQsqaUBKTNV-1" source="YXTsTgTVc9TBjjGPCJu1-3" target="YXTsTgTVc9TBjjGPCJu1-2" edge="1">
          <mxGeometry relative="1" as="geometry" />
        </mxCell>
        <mxCell id="YXTsTgTVc9TBjjGPCJu1-3" value="&lt;font style=&quot;font-size: 12px;&quot;&gt;&lt;b&gt;System Libraries:&lt;br&gt; iostream, vector, string, cstdlib, fstream, algorithm&lt;/b&gt;&lt;/font&gt;" style="whiteSpace=wrap;html=1;aspect=fixed;" parent="WIyWlLk6GJQsqaUBKTNV-1" vertex="1">
          <mxGeometry x="32.5" y="150" width="115" height="115" as="geometry" />
        </mxCell>
        <mxCell id="YXTsTgTVc9TBjjGPCJu1-4" value="&lt;font style=&quot;font-size: 13px;&quot;&gt;&lt;b&gt;Function&lt;br&gt;Prototypes:&lt;br&gt;&lt;code style=&quot;border: 0px solid rgb(217, 217, 227); box-sizing: border-box; --tw-border-spacing-x: 0; --tw-border-spacing-y: 0; --tw-translate-x: 0; --tw-translate-y: 0; --tw-rotate: 0; --tw-skew-x: 0; --tw-skew-y: 0; --tw-scale-x: 1; --tw-scale-y: 1; --tw-pan-x: ; --tw-pan-y: ; --tw-pinch-zoom: ; --tw-scroll-snap-strictness: proximity; --tw-gradient-from-position: ; --tw-gradient-via-position: ; --tw-gradient-to-position: ; --tw-ordinal: ; --tw-slashed-zero: ; --tw-numeric-figure: ; --tw-numeric-spacing: ; --tw-numeric-fraction: ; --tw-ring-inset: ; --tw-ring-offset-width: 0px; --tw-ring-offset-color: #fff; --tw-ring-color: rgba(69,89,164,.5); --tw-ring-offset-shadow: 0 0 transparent; --tw-ring-shadow: 0 0 transparent; --tw-shadow: 0 0 transparent; --tw-shadow-colored: 0 0 transparent; --tw-blur: ; --tw-brightness: ; --tw-contrast: ; --tw-grayscale: ; --tw-hue-rotate: ; --tw-invert: ; --tw-saturate: ; --tw-sepia: ; --tw-drop-shadow: ; --tw-backdrop-blur: ; --tw-backdrop-brightness: ; --tw-backdrop-contrast: ; --tw-backdrop-grayscale: ; --tw-backdrop-hue-rotate: ; --tw-backdrop-invert: ; --tw-backdrop-opacity: ; --tw-backdrop-saturate: ; --tw-backdrop-sepia: ; color: var(--tw-prose-code); text-align: left; font-family: &amp;quot;Söhne Mono&amp;quot;, Monaco, &amp;quot;Andale Mono&amp;quot;, &amp;quot;Ubuntu Mono&amp;quot;, monospace !important;&quot;&gt;InitializeGame()&lt;/code&gt;,&lt;br&gt;DisplayBoard(),&lt;br&gt;&amp;nbsp;GetInput&lt;code style=&quot;border: 0px solid rgb(217, 217, 227); box-sizing: border-box; --tw-border-spacing-x: 0; --tw-border-spacing-y: 0; --tw-translate-x: 0; --tw-translate-y: 0; --tw-rotate: 0; --tw-skew-x: 0; --tw-skew-y: 0; --tw-scale-x: 1; --tw-scale-y: 1; --tw-pan-x: ; --tw-pan-y: ; --tw-pinch-zoom: ; --tw-scroll-snap-strictness: proximity; --tw-gradient-from-position: ; --tw-gradient-via-position: ; --tw-gradient-to-position: ; --tw-ordinal: ; --tw-slashed-zero: ; --tw-numeric-figure: ; --tw-numeric-spacing: ; --tw-numeric-fraction: ; --tw-ring-inset: ; --tw-ring-offset-width: 0px; --tw-ring-offset-color: #fff; --tw-ring-color: rgba(69,89,164,.5); --tw-ring-offset-shadow: 0 0 transparent; --tw-ring-shadow: 0 0 transparent; --tw-shadow: 0 0 transparent; --tw-shadow-colored: 0 0 transparent; --tw-blur: ; --tw-brightness: ; --tw-contrast: ; --tw-grayscale: ; --tw-hue-rotate: ; --tw-invert: ; --tw-saturate: ; --tw-sepia: ; --tw-drop-shadow: ; --tw-backdrop-blur: ; --tw-backdrop-brightness: ; --tw-backdrop-contrast: ; --tw-backdrop-grayscale: ; --tw-backdrop-hue-rotate: ; --tw-backdrop-invert: ; --tw-backdrop-opacity: ; --tw-backdrop-saturate: ; --tw-backdrop-sepia: ; color: var(--tw-prose-code); text-align: left; font-family: &amp;quot;Söhne Mono&amp;quot;, Monaco, &amp;quot;Andale Mono&amp;quot;, &amp;quot;Ubuntu Mono&amp;quot;, monospace !important;&quot;&gt;()&lt;/code&gt;,&lt;br&gt;&lt;/b&gt;&lt;/font&gt;&lt;div style=&quot;text-align: center;&quot;&gt;&lt;font style=&quot;font-size: 12px;&quot;&gt;&lt;b&gt;&lt;code style=&quot;background-color: initial; color: var(--tw-prose-code); border: 0px solid rgb(217, 217, 227); box-sizing: border-box; --tw-border-spacing-x: 0; --tw-border-spacing-y: 0; --tw-translate-x: 0; --tw-translate-y: 0; --tw-rotate: 0; --tw-skew-x: 0; --tw-skew-y: 0; --tw-scale-x: 1; --tw-scale-y: 1; --tw-pan-x: ; --tw-pan-y: ; --tw-pinch-zoom: ; --tw-scroll-snap-strictness: proximity; --tw-gradient-from-position: ; --tw-gradient-via-position: ; --tw-gradient-to-position: ; --tw-ordinal: ; --tw-slashed-zero: ; --tw-numeric-figure: ; --tw-numeric-spacing: ; --tw-numeric-fraction: ; --tw-ring-inset: ; --tw-ring-offset-width: 0px; --tw-ring-offset-color: #fff; --tw-ring-color: rgba(69,89,164,.5); --tw-ring-offset-shadow: 0 0 transparent; --tw-ring-shadow: 0 0 transparent; --tw-shadow: 0 0 transparent; --tw-shadow-colored: 0 0 transparent; --tw-blur: ; --tw-brightness: ; --tw-contrast: ; --tw-grayscale: ; --tw-hue-rotate: ; --tw-invert: ; --tw-saturate: ; --tw-sepia: ; --tw-drop-shadow: ; --tw-backdrop-blur: ; --tw-backdrop-brightness: ; --tw-backdrop-contrast: ; --tw-backdrop-grayscale: ; --tw-backdrop-hue-rotate: ; --tw-backdrop-invert: ; --tw-backdrop-opacity: ; --tw-backdrop-saturate: ; --tw-backdrop-sepia: ; text-align: left; font-family: &amp;quot;Söhne Mono&amp;quot;, Monaco, &amp;quot;Andale Mono&amp;quot;, &amp;quot;Ubuntu Mono&amp;quot;, monospace !important;&quot;&gt;UpdateGame()&lt;/code&gt;&lt;span style=&quot;background-color: initial;&quot;&gt;,&lt;/span&gt;&lt;/b&gt;&lt;/font&gt;&lt;/div&gt;&lt;code style=&quot;border: 0px solid rgb(217, 217, 227); color: var(--tw-prose-code); box-sizing: border-box; --tw-border-spacing-x: 0; --tw-border-spacing-y: 0; --tw-translate-x: 0; --tw-translate-y: 0; --tw-rotate: 0; --tw-skew-x: 0; --tw-skew-y: 0; --tw-scale-x: 1; --tw-scale-y: 1; --tw-pan-x: ; --tw-pan-y: ; --tw-pinch-zoom: ; --tw-scroll-snap-strictness: proximity; --tw-gradient-from-position: ; --tw-gradient-via-position: ; --tw-gradient-to-position: ; --tw-ordinal: ; --tw-slashed-zero: ; --tw-numeric-figure: ; --tw-numeric-spacing: ; --tw-numeric-fraction: ; --tw-ring-inset: ; --tw-ring-offset-width: 0px; --tw-ring-offset-color: #fff; --tw-ring-color: rgba(69,89,164,.5); --tw-ring-offset-shadow: 0 0 transparent; --tw-ring-shadow: 0 0 transparent; --tw-shadow: 0 0 transparent; --tw-shadow-colored: 0 0 transparent; --tw-blur: ; --tw-brightness: ; --tw-contrast: ; --tw-grayscale: ; --tw-hue-rotate: ; --tw-invert: ; --tw-saturate: ; --tw-sepia: ; --tw-drop-shadow: ; --tw-backdrop-blur: ; --tw-backdrop-brightness: ; --tw-backdrop-contrast: ; --tw-backdrop-grayscale: ; --tw-backdrop-hue-rotate: ; --tw-backdrop-invert: ; --tw-backdrop-opacity: ; --tw-backdrop-saturate: ; --tw-backdrop-sepia: ; text-align: left;&quot;&gt;&lt;div style=&quot;text-align: center;&quot;&gt;&lt;font style=&quot;font-size: 12px;&quot;&gt;&lt;b&gt;&lt;code style=&quot;background-color: initial; color: var(--tw-prose-code); border: 0px solid rgb(217, 217, 227); box-sizing: border-box; --tw-border-spacing-x: 0; --tw-border-spacing-y: 0; --tw-translate-x: 0; --tw-translate-y: 0; --tw-rotate: 0; --tw-skew-x: 0; --tw-skew-y: 0; --tw-scale-x: 1; --tw-scale-y: 1; --tw-pan-x: ; --tw-pan-y: ; --tw-pinch-zoom: ; --tw-scroll-snap-strictness: proximity; --tw-gradient-from-position: ; --tw-gradient-via-position: ; --tw-gradient-to-position: ; --tw-ordinal: ; --tw-slashed-zero: ; --tw-numeric-figure: ; --tw-numeric-spacing: ; --tw-numeric-fraction: ; --tw-ring-inset: ; --tw-ring-offset-width: 0px; --tw-ring-offset-color: #fff; --tw-ring-color: rgba(69,89,164,.5); --tw-ring-offset-shadow: 0 0 transparent; --tw-ring-shadow: 0 0 transparent; --tw-shadow: 0 0 transparent; --tw-shadow-colored: 0 0 transparent; --tw-blur: ; --tw-brightness: ; --tw-contrast: ; --tw-grayscale: ; --tw-hue-rotate: ; --tw-invert: ; --tw-saturate: ; --tw-sepia: ; --tw-drop-shadow: ; --tw-backdrop-blur: ; --tw-backdrop-brightness: ; --tw-backdrop-contrast: ; --tw-backdrop-grayscale: ; --tw-backdrop-hue-rotate: ; --tw-backdrop-invert: ; --tw-backdrop-opacity: ; --tw-backdrop-saturate: ; --tw-backdrop-sepia: ;&quot;&gt;CheckCollision()&lt;/code&gt;&lt;span style=&quot;font-family: Söhne, ui-sans-serif, system-ui, -apple-system, &amp;quot;Segoe UI&amp;quot;, Roboto, Ubuntu, Cantarell, &amp;quot;Noto Sans&amp;quot;, sans-serif, &amp;quot;Helvetica Neue&amp;quot;, Arial, &amp;quot;Apple Color Emoji&amp;quot;, &amp;quot;Segoe UI Emoji&amp;quot;, &amp;quot;Segoe UI Symbol&amp;quot;, &amp;quot;Noto Color Emoji&amp;quot;; background-color: initial; border-color: var(--border-color); color: rgb(55, 65, 81);&quot;&gt;,&lt;/span&gt;&lt;/b&gt;&lt;/font&gt;&lt;/div&gt;&lt;div style=&quot;text-align: center;&quot;&gt;&lt;span style=&quot;font-family: Söhne, ui-sans-serif, system-ui, -apple-system, &amp;quot;Segoe UI&amp;quot;, Roboto, Ubuntu, Cantarell, &amp;quot;Noto Sans&amp;quot;, sans-serif, &amp;quot;Helvetica Neue&amp;quot;, Arial, &amp;quot;Apple Color Emoji&amp;quot;, &amp;quot;Segoe UI Emoji&amp;quot;, &amp;quot;Segoe UI Symbol&amp;quot;, &amp;quot;Noto Color Emoji&amp;quot;; background-color: initial; border-color: var(--border-color); color: rgb(55, 65, 81);&quot;&gt;&lt;font style=&quot;font-size: 12px;&quot;&gt;&lt;b&gt;&lt;code style=&quot;border: 0px solid rgb(217, 217, 227); color: var(--tw-prose-code); box-sizing: border-box; --tw-border-spacing-x: 0; --tw-border-spacing-y: 0; --tw-translate-x: 0; --tw-translate-y: 0; --tw-rotate: 0; --tw-skew-x: 0; --tw-skew-y: 0; --tw-scale-x: 1; --tw-scale-y: 1; --tw-pan-x: ; --tw-pan-y: ; --tw-pinch-zoom: ; --tw-scroll-snap-strictness: proximity; --tw-gradient-from-position: ; --tw-gradient-via-position: ; --tw-gradient-to-position: ; --tw-ordinal: ; --tw-slashed-zero: ; --tw-numeric-figure: ; --tw-numeric-spacing: ; --tw-numeric-fraction: ; --tw-ring-inset: ; --tw-ring-offset-width: 0px; --tw-ring-offset-color: #fff; --tw-ring-color: rgba(69,89,164,.5); --tw-ring-offset-shadow: 0 0 transparent; --tw-ring-shadow: 0 0 transparent; --tw-shadow: 0 0 transparent; --tw-shadow-colored: 0 0 transparent; --tw-blur: ; --tw-brightness: ; --tw-contrast: ; --tw-grayscale: ; --tw-hue-rotate: ; --tw-invert: ; --tw-saturate: ; --tw-sepia: ; --tw-drop-shadow: ; --tw-backdrop-blur: ; --tw-backdrop-brightness: ; --tw-backdrop-contrast: ; --tw-backdrop-grayscale: ; --tw-backdrop-hue-rotate: ; --tw-backdrop-invert: ; --tw-backdrop-opacity: ; --tw-backdrop-saturate: ; --tw-backdrop-sepia: ; text-align: left; font-family: &amp;quot;Söhne Mono&amp;quot;, Monaco, &amp;quot;Andale Mono&amp;quot;, &amp;quot;Ubuntu Mono&amp;quot;, monospace !important;&quot;&gt;MoveGhosts()&lt;/code&gt;,&amp;nbsp;&lt;/b&gt;&lt;/font&gt;&lt;/span&gt;&lt;/div&gt;&lt;div style=&quot;text-align: center;&quot;&gt;&lt;span style=&quot;font-family: Söhne, ui-sans-serif, system-ui, -apple-system, &amp;quot;Segoe UI&amp;quot;, Roboto, Ubuntu, Cantarell, &amp;quot;Noto Sans&amp;quot;, sans-serif, &amp;quot;Helvetica Neue&amp;quot;, Arial, &amp;quot;Apple Color Emoji&amp;quot;, &amp;quot;Segoe UI Emoji&amp;quot;, &amp;quot;Segoe UI Symbol&amp;quot;, &amp;quot;Noto Color Emoji&amp;quot;; background-color: initial; border-color: var(--border-color); color: rgb(55, 65, 81);&quot;&gt;&lt;font style=&quot;font-size: 12px;&quot;&gt;&lt;b&gt;&lt;code style=&quot;border: 0px solid rgb(217, 217, 227); color: var(--tw-prose-code); box-sizing: border-box; --tw-border-spacing-x: 0; --tw-border-spacing-y: 0; --tw-translate-x: 0; --tw-translate-y: 0; --tw-rotate: 0; --tw-skew-x: 0; --tw-skew-y: 0; --tw-scale-x: 1; --tw-scale-y: 1; --tw-pan-x: ; --tw-pan-y: ; --tw-pinch-zoom: ; --tw-scroll-snap-strictness: proximity; --tw-gradient-from-position: ; --tw-gradient-via-position: ; --tw-gradient-to-position: ; --tw-ordinal: ; --tw-slashed-zero: ; --tw-numeric-figure: ; --tw-numeric-spacing: ; --tw-numeric-fraction: ; --tw-ring-inset: ; --tw-ring-offset-width: 0px; --tw-ring-offset-color: #fff; --tw-ring-color: rgba(69,89,164,.5); --tw-ring-offset-shadow: 0 0 transparent; --tw-ring-shadow: 0 0 transparent; --tw-shadow: 0 0 transparent; --tw-shadow-colored: 0 0 transparent; --tw-blur: ; --tw-brightness: ; --tw-contrast: ; --tw-grayscale: ; --tw-hue-rotate: ; --tw-invert: ; --tw-saturate: ; --tw-sepia: ; --tw-drop-shadow: ; --tw-backdrop-blur: ; --tw-backdrop-brightness: ; --tw-backdrop-contrast: ; --tw-backdrop-grayscale: ; --tw-backdrop-hue-rotate: ; --tw-backdrop-invert: ; --tw-backdrop-opacity: ; --tw-backdrop-saturate: ; --tw-backdrop-sepia: ; text-align: left; font-family: &amp;quot;Söhne Mono&amp;quot;, Monaco, &amp;quot;Andale Mono&amp;quot;, &amp;quot;Ubuntu Mono&amp;quot;, monospace !important;&quot;&gt;CheckWinLoss()&lt;/code&gt;&lt;span style=&quot;border-color: var(--border-color); text-align: left;&quot;&gt;,&lt;/span&gt;&lt;/b&gt;&lt;/font&gt;&lt;br&gt;&lt;/span&gt;&lt;/div&gt;&lt;div style=&quot;text-align: center;&quot;&gt;&lt;span style=&quot;font-family: Söhne, ui-sans-serif, system-ui, -apple-system, &amp;quot;Segoe UI&amp;quot;, Roboto, Ubuntu, Cantarell, &amp;quot;Noto Sans&amp;quot;, sans-serif, &amp;quot;Helvetica Neue&amp;quot;, Arial, &amp;quot;Apple Color Emoji&amp;quot;, &amp;quot;Segoe UI Emoji&amp;quot;, &amp;quot;Segoe UI Symbol&amp;quot;, &amp;quot;Noto Color Emoji&amp;quot;; background-color: initial; border-color: var(--border-color); color: rgb(55, 65, 81);&quot;&gt;&lt;font style=&quot;font-size: 12px;&quot;&gt;&lt;b&gt;&lt;span style=&quot;border-color: var(--border-color); text-align: left;&quot;&gt;EndGame(),&lt;/span&gt;&lt;/b&gt;&lt;/font&gt;&lt;/span&gt;&lt;/div&gt;&lt;/code&gt;" style="whiteSpace=wrap;html=1;aspect=fixed;shadow=0;imageWidth=10;imageHeight=24;" parent="WIyWlLk6GJQsqaUBKTNV-1" vertex="1">
          <mxGeometry x="5" y="420" width="170" height="170" as="geometry" />
        </mxCell>
        <mxCell id="YXTsTgTVc9TBjjGPCJu1-15" value="" style="edgeStyle=orthogonalEdgeStyle;rounded=0;orthogonalLoop=1;jettySize=auto;html=1;" parent="WIyWlLk6GJQsqaUBKTNV-1" source="YXTsTgTVc9TBjjGPCJu1-5" target="YXTsTgTVc9TBjjGPCJu1-6" edge="1">
          <mxGeometry relative="1" as="geometry" />
        </mxCell>
        <mxCell id="YXTsTgTVc9TBjjGPCJu1-5" value="Display Game Configuration&lt;br&gt;Display Max Lives" style="rounded=0;whiteSpace=wrap;html=1;" parent="WIyWlLk6GJQsqaUBKTNV-1" vertex="1">
          <mxGeometry x="270" y="120" width="120" height="60" as="geometry" />
        </mxCell>
        <mxCell id="YXTsTgTVc9TBjjGPCJu1-16" value="" style="edgeStyle=orthogonalEdgeStyle;rounded=0;orthogonalLoop=1;jettySize=auto;html=1;" parent="WIyWlLk6GJQsqaUBKTNV-1" source="YXTsTgTVc9TBjjGPCJu1-6" edge="1">
          <mxGeometry relative="1" as="geometry">
            <mxPoint x="330" y="400" as="targetPoint" />
          </mxGeometry>
        </mxCell>
        <mxCell id="YXTsTgTVc9TBjjGPCJu1-6" value="Initialize Game&lt;br&gt;Create game board, set initial positions for player and ghost." style="rounded=0;whiteSpace=wrap;html=1;" parent="WIyWlLk6GJQsqaUBKTNV-1" vertex="1">
          <mxGeometry x="230" y="240" width="200" height="90" as="geometry" />
        </mxCell>
        <mxCell id="hDTp_f-lSqS4gPKdVl_v-13" value="" style="edgeStyle=orthogonalEdgeStyle;rounded=0;orthogonalLoop=1;jettySize=auto;html=1;" edge="1" parent="WIyWlLk6GJQsqaUBKTNV-1" source="YXTsTgTVc9TBjjGPCJu1-31" target="hDTp_f-lSqS4gPKdVl_v-11">
          <mxGeometry relative="1" as="geometry" />
        </mxCell>
        <mxCell id="YXTsTgTVc9TBjjGPCJu1-31" value="Yes" style="text;strokeColor=none;align=center;fillColor=none;html=1;verticalAlign=middle;whiteSpace=wrap;rounded=0;" parent="WIyWlLk6GJQsqaUBKTNV-1" vertex="1">
          <mxGeometry x="430" y="447.5" width="60" height="30" as="geometry" />
        </mxCell>
        <mxCell id="hDTp_f-lSqS4gPKdVl_v-12" value="" style="edgeStyle=orthogonalEdgeStyle;rounded=0;orthogonalLoop=1;jettySize=auto;html=1;" edge="1" parent="WIyWlLk6GJQsqaUBKTNV-1" source="hDTp_f-lSqS4gPKdVl_v-0" target="YXTsTgTVc9TBjjGPCJu1-31">
          <mxGeometry relative="1" as="geometry" />
        </mxCell>
        <mxCell id="hDTp_f-lSqS4gPKdVl_v-0" value="4&lt;br&gt;Game Loop Start&lt;br&gt;Check if lives &amp;gt; 0" style="rhombus;whiteSpace=wrap;html=1;" vertex="1" parent="WIyWlLk6GJQsqaUBKTNV-1">
          <mxGeometry x="265" y="400" width="130" height="125" as="geometry" />
        </mxCell>
        <mxCell id="hDTp_f-lSqS4gPKdVl_v-76" value="" style="edgeStyle=orthogonalEdgeStyle;rounded=0;orthogonalLoop=1;jettySize=auto;html=1;" edge="1" parent="WIyWlLk6GJQsqaUBKTNV-1" source="hDTp_f-lSqS4gPKdVl_v-2" target="hDTp_f-lSqS4gPKdVl_v-75">
          <mxGeometry relative="1" as="geometry" />
        </mxCell>
        <mxCell id="hDTp_f-lSqS4gPKdVl_v-2" value="End Game" style="rounded=0;whiteSpace=wrap;html=1;" vertex="1" parent="WIyWlLk6GJQsqaUBKTNV-1">
          <mxGeometry x="267.5" y="610" width="125" height="70" as="geometry" />
        </mxCell>
        <mxCell id="hDTp_f-lSqS4gPKdVl_v-8" value="" style="edgeStyle=orthogonalEdgeStyle;rounded=0;orthogonalLoop=1;jettySize=auto;html=1;" edge="1" parent="WIyWlLk6GJQsqaUBKTNV-1" source="hDTp_f-lSqS4gPKdVl_v-7" target="hDTp_f-lSqS4gPKdVl_v-2">
          <mxGeometry relative="1" as="geometry" />
        </mxCell>
        <mxCell id="hDTp_f-lSqS4gPKdVl_v-7" value="No" style="text;strokeColor=none;align=center;fillColor=none;html=1;verticalAlign=middle;whiteSpace=wrap;rounded=0;" vertex="1" parent="WIyWlLk6GJQsqaUBKTNV-1">
          <mxGeometry x="300" y="525" width="60" height="30" as="geometry" />
        </mxCell>
        <mxCell id="hDTp_f-lSqS4gPKdVl_v-11" value="5&lt;br&gt;Clear Screen" style="rounded=0;whiteSpace=wrap;html=1;" vertex="1" parent="WIyWlLk6GJQsqaUBKTNV-1">
          <mxGeometry x="537.5" y="427.5" width="125" height="70" as="geometry" />
        </mxCell>
        <mxCell id="hDTp_f-lSqS4gPKdVl_v-34" value="" style="edgeStyle=orthogonalEdgeStyle;rounded=0;orthogonalLoop=1;jettySize=auto;html=1;" edge="1" parent="WIyWlLk6GJQsqaUBKTNV-1" source="hDTp_f-lSqS4gPKdVl_v-14" target="hDTp_f-lSqS4gPKdVl_v-11">
          <mxGeometry relative="1" as="geometry" />
        </mxCell>
        <mxCell id="hDTp_f-lSqS4gPKdVl_v-14" value="6&lt;br&gt;Display Game Board Show player and ghost positions, score, and lives." style="rounded=0;whiteSpace=wrap;html=1;" vertex="1" parent="WIyWlLk6GJQsqaUBKTNV-1">
          <mxGeometry x="520" y="550" width="160" height="90" as="geometry" />
        </mxCell>
        <mxCell id="hDTp_f-lSqS4gPKdVl_v-35" value="" style="edgeStyle=orthogonalEdgeStyle;rounded=0;orthogonalLoop=1;jettySize=auto;html=1;" edge="1" parent="WIyWlLk6GJQsqaUBKTNV-1" source="hDTp_f-lSqS4gPKdVl_v-17" target="hDTp_f-lSqS4gPKdVl_v-14">
          <mxGeometry relative="1" as="geometry" />
        </mxCell>
        <mxCell id="hDTp_f-lSqS4gPKdVl_v-17" value="7&lt;br&gt;Get Player Input&lt;br&gt;Input is &#39;WASD&#39; for movement, &#39;Q&#39; to quit." style="shape=parallelogram;perimeter=parallelogramPerimeter;whiteSpace=wrap;html=1;fixedSize=1;" vertex="1" parent="WIyWlLk6GJQsqaUBKTNV-1">
          <mxGeometry x="518.75" y="690" width="162.5" height="80" as="geometry" />
        </mxCell>
        <mxCell id="hDTp_f-lSqS4gPKdVl_v-36" value="" style="edgeStyle=orthogonalEdgeStyle;rounded=0;orthogonalLoop=1;jettySize=auto;html=1;" edge="1" parent="WIyWlLk6GJQsqaUBKTNV-1" source="hDTp_f-lSqS4gPKdVl_v-18" target="hDTp_f-lSqS4gPKdVl_v-17">
          <mxGeometry relative="1" as="geometry" />
        </mxCell>
        <mxCell id="hDTp_f-lSqS4gPKdVl_v-40" value="" style="edgeStyle=orthogonalEdgeStyle;rounded=0;orthogonalLoop=1;jettySize=auto;html=1;" edge="1" parent="WIyWlLk6GJQsqaUBKTNV-1" source="hDTp_f-lSqS4gPKdVl_v-18" target="hDTp_f-lSqS4gPKdVl_v-33">
          <mxGeometry relative="1" as="geometry" />
        </mxCell>
        <mxCell id="hDTp_f-lSqS4gPKdVl_v-43" value="" style="edgeStyle=orthogonalEdgeStyle;rounded=0;orthogonalLoop=1;jettySize=auto;html=1;" edge="1" parent="WIyWlLk6GJQsqaUBKTNV-1" source="hDTp_f-lSqS4gPKdVl_v-18" target="hDTp_f-lSqS4gPKdVl_v-37">
          <mxGeometry relative="1" as="geometry" />
        </mxCell>
        <mxCell id="hDTp_f-lSqS4gPKdVl_v-18" value="8&lt;br&gt;Valid Input&lt;br&gt;If input is not &#39;WASD&#39; &lt;br&gt;or &quot;Q&#39;, notify user &lt;br&gt;of invalid input" style="rhombus;whiteSpace=wrap;html=1;" vertex="1" parent="WIyWlLk6GJQsqaUBKTNV-1">
          <mxGeometry x="520" y="800" width="160" height="140" as="geometry" />
        </mxCell>
        <mxCell id="hDTp_f-lSqS4gPKdVl_v-42" value="" style="edgeStyle=orthogonalEdgeStyle;rounded=0;orthogonalLoop=1;jettySize=auto;html=1;entryX=0;entryY=0.5;entryDx=0;entryDy=0;" edge="1" parent="WIyWlLk6GJQsqaUBKTNV-1" source="hDTp_f-lSqS4gPKdVl_v-33" target="hDTp_f-lSqS4gPKdVl_v-14">
          <mxGeometry relative="1" as="geometry">
            <mxPoint x="460" y="790" as="targetPoint" />
            <Array as="points">
              <mxPoint x="460" y="595" />
            </Array>
          </mxGeometry>
        </mxCell>
        <mxCell id="hDTp_f-lSqS4gPKdVl_v-33" value="No" style="text;strokeColor=none;align=center;fillColor=none;html=1;verticalAlign=middle;whiteSpace=wrap;rounded=0;" vertex="1" parent="WIyWlLk6GJQsqaUBKTNV-1">
          <mxGeometry x="430" y="855" width="60" height="30" as="geometry" />
        </mxCell>
        <mxCell id="hDTp_f-lSqS4gPKdVl_v-44" value="" style="edgeStyle=orthogonalEdgeStyle;rounded=0;orthogonalLoop=1;jettySize=auto;html=1;" edge="1" parent="WIyWlLk6GJQsqaUBKTNV-1" source="hDTp_f-lSqS4gPKdVl_v-37" target="hDTp_f-lSqS4gPKdVl_v-39">
          <mxGeometry relative="1" as="geometry" />
        </mxCell>
        <mxCell id="hDTp_f-lSqS4gPKdVl_v-37" value="Yes" style="text;strokeColor=none;align=center;fillColor=none;html=1;verticalAlign=middle;whiteSpace=wrap;rounded=0;" vertex="1" parent="WIyWlLk6GJQsqaUBKTNV-1">
          <mxGeometry x="720" y="855" width="60" height="30" as="geometry" />
        </mxCell>
        <mxCell id="hDTp_f-lSqS4gPKdVl_v-39" value="Update Player Position" style="rounded=0;whiteSpace=wrap;html=1;" vertex="1" parent="WIyWlLk6GJQsqaUBKTNV-1">
          <mxGeometry x="827" y="835" width="125" height="70" as="geometry" />
        </mxCell>
        <mxCell id="hDTp_f-lSqS4gPKdVl_v-46" value="" style="edgeStyle=orthogonalEdgeStyle;rounded=0;orthogonalLoop=1;jettySize=auto;html=1;" edge="1" parent="WIyWlLk6GJQsqaUBKTNV-1" source="hDTp_f-lSqS4gPKdVl_v-45" target="hDTp_f-lSqS4gPKdVl_v-39">
          <mxGeometry relative="1" as="geometry" />
        </mxCell>
        <mxCell id="hDTp_f-lSqS4gPKdVl_v-51" value="" style="edgeStyle=orthogonalEdgeStyle;rounded=0;orthogonalLoop=1;jettySize=auto;html=1;" edge="1" parent="WIyWlLk6GJQsqaUBKTNV-1" source="hDTp_f-lSqS4gPKdVl_v-45" target="hDTp_f-lSqS4gPKdVl_v-50">
          <mxGeometry relative="1" as="geometry" />
        </mxCell>
        <mxCell id="hDTp_f-lSqS4gPKdVl_v-53" value="" style="edgeStyle=orthogonalEdgeStyle;rounded=0;orthogonalLoop=1;jettySize=auto;html=1;" edge="1" parent="WIyWlLk6GJQsqaUBKTNV-1" source="hDTp_f-lSqS4gPKdVl_v-45" target="hDTp_f-lSqS4gPKdVl_v-47">
          <mxGeometry relative="1" as="geometry" />
        </mxCell>
        <mxCell id="hDTp_f-lSqS4gPKdVl_v-45" value="Player on Dot?" style="rhombus;whiteSpace=wrap;html=1;fontStyle=1" vertex="1" parent="WIyWlLk6GJQsqaUBKTNV-1">
          <mxGeometry x="824.5" y="960" width="130" height="130" as="geometry" />
        </mxCell>
        <mxCell id="hDTp_f-lSqS4gPKdVl_v-52" value="" style="edgeStyle=orthogonalEdgeStyle;rounded=0;orthogonalLoop=1;jettySize=auto;html=1;" edge="1" parent="WIyWlLk6GJQsqaUBKTNV-1" source="hDTp_f-lSqS4gPKdVl_v-47" target="hDTp_f-lSqS4gPKdVl_v-48">
          <mxGeometry relative="1" as="geometry" />
        </mxCell>
        <mxCell id="hDTp_f-lSqS4gPKdVl_v-47" value="Yes" style="text;strokeColor=none;align=center;fillColor=none;html=1;verticalAlign=middle;whiteSpace=wrap;rounded=0;" vertex="1" parent="WIyWlLk6GJQsqaUBKTNV-1">
          <mxGeometry x="1000" y="1010" width="60" height="30" as="geometry" />
        </mxCell>
        <mxCell id="hDTp_f-lSqS4gPKdVl_v-48" value="Increase Score" style="rounded=0;whiteSpace=wrap;html=1;" vertex="1" parent="WIyWlLk6GJQsqaUBKTNV-1">
          <mxGeometry x="1116" y="990" width="125" height="70" as="geometry" />
        </mxCell>
        <mxCell id="hDTp_f-lSqS4gPKdVl_v-49" value="No" style="text;strokeColor=none;align=center;fillColor=none;html=1;verticalAlign=middle;whiteSpace=wrap;rounded=0;" vertex="1" parent="WIyWlLk6GJQsqaUBKTNV-1">
          <mxGeometry x="720" y="1010" width="60" height="30" as="geometry" />
        </mxCell>
        <mxCell id="hDTp_f-lSqS4gPKdVl_v-50" value="Proceed to move ghost" style="rounded=0;whiteSpace=wrap;html=1;fontStyle=1" vertex="1" parent="WIyWlLk6GJQsqaUBKTNV-1">
          <mxGeometry x="580" y="990" width="125" height="70" as="geometry" />
        </mxCell>
        <mxCell id="hDTp_f-lSqS4gPKdVl_v-54" value="Decrease Life" style="rounded=0;whiteSpace=wrap;html=1;" vertex="1" parent="WIyWlLk6GJQsqaUBKTNV-1">
          <mxGeometry x="850" y="1170" width="125" height="70" as="geometry" />
        </mxCell>
        <mxCell id="hDTp_f-lSqS4gPKdVl_v-56" value="" style="edgeStyle=orthogonalEdgeStyle;rounded=0;orthogonalLoop=1;jettySize=auto;html=1;" edge="1" parent="WIyWlLk6GJQsqaUBKTNV-1" source="hDTp_f-lSqS4gPKdVl_v-55" target="hDTp_f-lSqS4gPKdVl_v-50">
          <mxGeometry relative="1" as="geometry" />
        </mxCell>
        <mxCell id="hDTp_f-lSqS4gPKdVl_v-59" value="" style="edgeStyle=orthogonalEdgeStyle;rounded=0;orthogonalLoop=1;jettySize=auto;html=1;" edge="1" parent="WIyWlLk6GJQsqaUBKTNV-1" source="hDTp_f-lSqS4gPKdVl_v-55" target="hDTp_f-lSqS4gPKdVl_v-58">
          <mxGeometry relative="1" as="geometry" />
        </mxCell>
        <mxCell id="hDTp_f-lSqS4gPKdVl_v-62" value="" style="edgeStyle=orthogonalEdgeStyle;rounded=0;orthogonalLoop=1;jettySize=auto;html=1;" edge="1" parent="WIyWlLk6GJQsqaUBKTNV-1" source="hDTp_f-lSqS4gPKdVl_v-55" target="hDTp_f-lSqS4gPKdVl_v-61">
          <mxGeometry relative="1" as="geometry" />
        </mxCell>
        <mxCell id="hDTp_f-lSqS4gPKdVl_v-55" value="Check Collision" style="rounded=0;whiteSpace=wrap;html=1;" vertex="1" parent="WIyWlLk6GJQsqaUBKTNV-1">
          <mxGeometry x="580" y="1170" width="125" height="70" as="geometry" />
        </mxCell>
        <mxCell id="hDTp_f-lSqS4gPKdVl_v-60" value="" style="edgeStyle=orthogonalEdgeStyle;rounded=0;orthogonalLoop=1;jettySize=auto;html=1;" edge="1" parent="WIyWlLk6GJQsqaUBKTNV-1" source="hDTp_f-lSqS4gPKdVl_v-58" target="hDTp_f-lSqS4gPKdVl_v-54">
          <mxGeometry relative="1" as="geometry" />
        </mxCell>
        <mxCell id="hDTp_f-lSqS4gPKdVl_v-58" value="Yes" style="text;strokeColor=none;align=center;fillColor=none;html=1;verticalAlign=middle;whiteSpace=wrap;rounded=0;" vertex="1" parent="WIyWlLk6GJQsqaUBKTNV-1">
          <mxGeometry x="740" y="1190" width="60" height="30" as="geometry" />
        </mxCell>
        <mxCell id="hDTp_f-lSqS4gPKdVl_v-64" value="" style="edgeStyle=orthogonalEdgeStyle;rounded=0;orthogonalLoop=1;jettySize=auto;html=1;" edge="1" parent="WIyWlLk6GJQsqaUBKTNV-1" source="hDTp_f-lSqS4gPKdVl_v-61">
          <mxGeometry relative="1" as="geometry">
            <mxPoint x="460" y="800" as="targetPoint" />
            <Array as="points">
              <mxPoint x="460" y="1205" />
              <mxPoint x="460" y="996" />
              <mxPoint x="461" y="996" />
            </Array>
          </mxGeometry>
        </mxCell>
        <mxCell id="hDTp_f-lSqS4gPKdVl_v-61" value="No" style="text;strokeColor=none;align=center;fillColor=none;html=1;verticalAlign=middle;whiteSpace=wrap;rounded=0;" vertex="1" parent="WIyWlLk6GJQsqaUBKTNV-1">
          <mxGeometry x="470" y="1190" width="60" height="30" as="geometry" />
        </mxCell>
        <mxCell id="hDTp_f-lSqS4gPKdVl_v-66" value="" style="edgeStyle=orthogonalEdgeStyle;rounded=0;orthogonalLoop=1;jettySize=auto;html=1;" edge="1" parent="WIyWlLk6GJQsqaUBKTNV-1" source="hDTp_f-lSqS4gPKdVl_v-65" target="hDTp_f-lSqS4gPKdVl_v-54">
          <mxGeometry relative="1" as="geometry" />
        </mxCell>
        <mxCell id="hDTp_f-lSqS4gPKdVl_v-68" value="" style="edgeStyle=orthogonalEdgeStyle;rounded=0;orthogonalLoop=1;jettySize=auto;html=1;" edge="1" parent="WIyWlLk6GJQsqaUBKTNV-1" source="hDTp_f-lSqS4gPKdVl_v-65" target="hDTp_f-lSqS4gPKdVl_v-67">
          <mxGeometry relative="1" as="geometry" />
        </mxCell>
        <mxCell id="hDTp_f-lSqS4gPKdVl_v-72" value="" style="edgeStyle=orthogonalEdgeStyle;rounded=0;orthogonalLoop=1;jettySize=auto;html=1;" edge="1" parent="WIyWlLk6GJQsqaUBKTNV-1" source="hDTp_f-lSqS4gPKdVl_v-65" target="hDTp_f-lSqS4gPKdVl_v-71">
          <mxGeometry relative="1" as="geometry" />
        </mxCell>
        <mxCell id="hDTp_f-lSqS4gPKdVl_v-65" value="Lives left" style="rhombus;whiteSpace=wrap;html=1;fontStyle=1" vertex="1" parent="WIyWlLk6GJQsqaUBKTNV-1">
          <mxGeometry x="847.5" y="1340" width="130" height="130" as="geometry" />
        </mxCell>
        <mxCell id="hDTp_f-lSqS4gPKdVl_v-70" value="" style="edgeStyle=orthogonalEdgeStyle;rounded=0;orthogonalLoop=1;jettySize=auto;html=1;entryX=0.5;entryY=1;entryDx=0;entryDy=0;" edge="1" parent="WIyWlLk6GJQsqaUBKTNV-1" source="hDTp_f-lSqS4gPKdVl_v-67" target="hDTp_f-lSqS4gPKdVl_v-2">
          <mxGeometry relative="1" as="geometry">
            <mxPoint x="635" y="1405" as="targetPoint" />
          </mxGeometry>
        </mxCell>
        <mxCell id="hDTp_f-lSqS4gPKdVl_v-67" value="No" style="text;strokeColor=none;align=center;fillColor=none;html=1;verticalAlign=middle;whiteSpace=wrap;rounded=0;" vertex="1" parent="WIyWlLk6GJQsqaUBKTNV-1">
          <mxGeometry x="705" y="1390" width="60" height="30" as="geometry" />
        </mxCell>
        <mxCell id="hDTp_f-lSqS4gPKdVl_v-74" value="" style="edgeStyle=orthogonalEdgeStyle;rounded=0;orthogonalLoop=1;jettySize=auto;html=1;entryX=1;entryY=0.389;entryDx=0;entryDy=0;entryPerimeter=0;" edge="1" parent="WIyWlLk6GJQsqaUBKTNV-1" source="hDTp_f-lSqS4gPKdVl_v-71" target="hDTp_f-lSqS4gPKdVl_v-14">
          <mxGeometry relative="1" as="geometry">
            <mxPoint x="1060" y="1325" as="targetPoint" />
            <Array as="points">
              <mxPoint x="1030" y="585" />
            </Array>
          </mxGeometry>
        </mxCell>
        <mxCell id="hDTp_f-lSqS4gPKdVl_v-71" value="Yes" style="text;strokeColor=none;align=center;fillColor=none;html=1;verticalAlign=middle;whiteSpace=wrap;rounded=0;" vertex="1" parent="WIyWlLk6GJQsqaUBKTNV-1">
          <mxGeometry x="1030" y="1390" width="60" height="30" as="geometry" />
        </mxCell>
        <mxCell id="hDTp_f-lSqS4gPKdVl_v-75" value="End" style="shape=ellipse;html=1;dashed=0;whiteSpace=wrap;perimeter=ellipsePerimeter;" vertex="1" parent="WIyWlLk6GJQsqaUBKTNV-1">
          <mxGeometry x="100" y="610" width="107.5" height="70" as="geometry" />
        </mxCell>
      </root>
    </mxGraphModel>
  </diagram>
</mxfile>
